No,id,nama_wisata,kategori,kabupaten,before,after,placeType,sourceUsed,QC,reason
"1","air-terjun-tlogo-muncar","Air Terjun Tlogo Muncar","Air Terjun","Sleman","Air terjun setinggi ±40 m di ketinggian 878 mdpl dalam kawasan TNGM, lereng Gunung Merapi.","Air terjun setinggi ±40 m di ketinggian 878 mdpl dalam kawasan TNGM, lereng Gunung Merapi.","air terjun","original","PASS",""
"2","grojogan-watu-purbo","Grojogan Watu Purbo","Air Terjun","Sleman","Air terjun bertingkat 6 berasal dari Sungai Krasak dan Bebeng, awalnya sabo dam penahan lahar Merapi (1975), dijadikan wisata sejak 2017.","Grojogan Watu Purbo merupakan destinasi air terjun di Sleman dengan aliran air segar, tebing alami, dan suasana alam yang asri.","air terjun","fallback","PASS",""
"3","bukit-klangon","Bukit Klangon","Bukit","Sleman","Bukit di lereng Merapi ±1.100 mdpl, spot gardu pandang 5 m menghadap Gunung Merapi.","Bukit di lereng Merapi ±1.100 mdpl, spot gardu pandang 5 m menghadap Gunung Merapi.","bukit","original","PASS",""
"4","kali-kuning","Kali Kuning","Lainnya","Sleman","Kawasan wisata sungai di lereng Merapi dengan jembatan heritage, aliran alami, dan suasana sejuk pegunungan.","Kawasan wisata sungai di lereng Merapi dengan jembatan heritage, aliran alami, dan suasana sejuk pegunungan.","sungai","original","PASS",""
"5","tlogo-putri-kaliurang","Tlogo Putri Kaliurang","Lainnya","Sleman","Kawasan wisata hutan dan telaga di Kaliurang dengan wahana air, flying fox, dan akses menuju jalur alam Merapi.","Kawasan wisata hutan dan telaga di Kaliurang dengan wahana air, flying fox, dan akses menuju jalur alam Merapi.","sungai","original","PASS",""
"6","kaliadem-bunker-merapi","Kaliadem (Bunker Merapi)","Lainnya","Sleman","Kawasan vulkanik di lereng Merapi dengan bunker bersejarah, panorama gunung, dan jejak erupsi Merapi.","Kawasan vulkanik di lereng Merapi dengan bunker bersejarah, panorama gunung, dan jejak erupsi Merapi.","sungai","original","PASS",""
"7","hutan-pinus-turgo","Hutan Pinus Turgo","Hutan","Sleman","Hutan pinus alami di lereng Merapi kawasan Turi–Pakem, cocok untuk trekking ringan dan camping.","Hutan pinus alami di lereng Merapi kawasan Turi–Pakem, cocok untuk trekking ringan dan camping.","hutan","original","PASS",""
"8","ledok-sambi","Ledok Sambi","Lainnya","Sleman","Lembah ekopark di tepi sungai dengan panorama Merapi, area bermain air, camping, dan suasana pedesaan.","Lembah ekopark di tepi sungai dengan panorama Merapi, area bermain air, camping, dan suasana pedesaan.","lainnya","original","PASS",""
"9","hutan-pinus-pengger","Hutan Pinus Pengger","Bukit","Bantul","Hutan Pinus Pengger menawarkan suasana hutan pinus yang sejuk, spot foto, dan panorama alam yang cocok untuk rekreasi santai.","Hutan Pinus Pengger menawarkan suasana hutan pinus yang sejuk, spot foto, dan panorama alam yang cocok untuk rekreasi santai.","hutan","original","PASS",""
"10","becici-peak","Becici Peak","Bukit","Bantul","Becici Peak menawarkan panorama perbukitan, udara sejuk, dan spot foto alam dari ketinggian.","Becici Peak menawarkan panorama perbukitan, udara sejuk, dan spot foto alam dari ketinggian.","bukit","original","PASS",""
"11","seribu-batu-songgo-langit","Seribu Batu Songgo Langit","Bukit","Bantul","Seribu Batu Songgo Langit menawarkan panorama perbukitan, udara sejuk, dan spot foto alam dari ketinggian.","Seribu Batu Songgo Langit menawarkan panorama perbukitan, udara sejuk, dan spot foto alam dari ketinggian.","bukit","original","PASS",""
"12","goa-cemara-beach","Goa Cemara Beach","Pantai","Bantul","Goa Cemara Beach menawarkan panorama pesisir dengan pasir, karang, dan suasana alam khas pantai selatan Yogyakarta.","Goa Cemara Beach menawarkan panorama pesisir dengan pasir, karang, dan suasana alam khas pantai selatan Yogyakarta.","goa","original","PASS",""
"13","puncak-sosok","Puncak Sosok","Bukit","Bantul","Puncak Sosok menawarkan panorama perbukitan, udara sejuk, dan spot foto alam dari ketinggian.","Puncak Sosok menawarkan panorama perbukitan, udara sejuk, dan spot foto alam dari ketinggian.","bukit","original","PASS",""
"14","hutan-pinus-asri","Hutan Pinus Asri","Bukit","Bantul","Hutan Pinus Asri menawarkan suasana hutan pinus yang sejuk, spot foto, dan panorama alam yang cocok untuk rekreasi santai.","Hutan Pinus Asri menawarkan suasana hutan pinus yang sejuk, spot foto, dan panorama alam yang cocok untuk rekreasi santai.","hutan","original","PASS",""
"15","batu-kapal-park","Batu Kapal Park","Lainnya","Bantul","Batu Kapal Park menawarkan suasana wisata air dengan aliran alami, pepohonan, dan ruang rekreasi yang cocok untuk bersantai.","Batu Kapal Park merupakan taman wisata di Bantul dengan ruang rekreasi, suasana alam, dan area kunjungan yang nyaman.","taman","fallback","PASS",""
"16","randusari-falls","Randusari Falls","Air Terjun","Bantul","Randusari Falls menyajikan aliran air alami, tebing, dan suasana sejuk yang cocok untuk rekreasi alam.","Randusari Falls menyajikan aliran air alami, tebing, dan suasana sejuk yang cocok untuk rekreasi alam.","air terjun","original","PASS",""
"17","gua-cerme","Gua Cerme","Goa","Bantul","Gua Cerme merupakan wisata goa dengan karakter karst, lorong alami, dan pengalaman petualangan yang menarik.","Gua Cerme merupakan wisata goa dengan karakter karst, lorong alami, dan pengalaman petualangan yang menarik.","goa","original","PASS",""
"18","penawangan-srunggo-cascade","Penawangan Srunggo Cascade","Air Terjun","Bantul","Penawangan Srunggo Cascade menyajikan aliran air alami, tebing, dan suasana sejuk yang cocok untuk rekreasi alam.","Penawangan Srunggo Cascade menyajikan aliran air alami, tebing, dan suasana sejuk yang cocok untuk rekreasi alam.","air terjun","original","PASS",""
"19","sendang-ngembel","Sendang Ngembel","Air Terjun","Bantul","Sendang Ngembel menyajikan aliran air alami, tebing, dan suasana sejuk yang cocok untuk rekreasi alam.","Sendang Ngembel menyajikan aliran air alami, tebing, dan suasana sejuk yang cocok untuk rekreasi alam.","air terjun","original","PASS",""
"20","curug-banyunibo","Curug Banyunibo","Air Terjun","Bantul","Curug Banyunibo menyajikan aliran air alami, tebing, dan suasana sejuk yang cocok untuk rekreasi alam.","Curug Banyunibo menyajikan aliran air alami, tebing, dan suasana sejuk yang cocok untuk rekreasi alam.","air terjun","original","PASS",""
"21","goa-selarong","Goa Selarong","Air Terjun","Bantul","Goa Selarong merupakan wisata goa dengan karakter karst, lorong alami, dan pengalaman petualangan yang menarik.","Goa Selarong merupakan wisata goa dengan karakter karst, lorong alami, dan pengalaman petualangan yang menarik.","goa","original","PASS",""
"22","kedung-pengilon","Kedung Pengilon","Air Terjun","Bantul","Kedung Pengilon menyajikan aliran air alami, tebing, dan suasana sejuk yang cocok untuk rekreasi alam.","Kedung Pengilon menyajikan aliran air alami, tebing, dan suasana sejuk yang cocok untuk rekreasi alam.","air terjun","original","PASS",""
"23","putrobayan-river-camp","Putrobayan River Camp","Lainnya","Bantul","Putrobayan River Camp menawarkan suasana wisata air dengan aliran alami, pepohonan, dan ruang rekreasi yang cocok untuk bersantai.","Putrobayan River Camp merupakan destinasi sungai di Bantul dengan aliran alami, lanskap terbuka, dan suasana rekreasi yang santai.","sungai","fallback","PASS",""
"24","lembah-oyo-kedung-jati","Lembah Oyo, Kedung Jati","Lainnya","Bantul","Lembah Oyo, Kedung Jati menawarkan suasana wisata air dengan aliran alami, pepohonan, dan ruang rekreasi yang cocok untuk bersantai.","Lembah Oyo, Kedung Jati merupakan destinasi lembah di Bantul dengan panorama alam, tebing terbuka, dan suasana rekreasi yang tenang.","lembah","fallback","PASS",""
"25","kebun-buah-mangunan","Kebun Buah Mangunan","Bukit","Bantul","Kebun Buah Mangunan menawarkan panorama perbukitan, udara sejuk, dan spot foto alam dari ketinggian.","Kebun Buah Mangunan menawarkan panorama perbukitan, udara sejuk, dan spot foto alam dari ketinggian.","bukit","original","PASS",""
"26","laguna-baros","Laguna Baros","Pantai","Bantul","Laguna Baros menawarkan panorama pesisir dengan pasir, karang, dan suasana alam khas pantai selatan Yogyakarta.","Laguna Baros menawarkan panorama pesisir dengan pasir, karang, dan suasana alam khas pantai selatan Yogyakarta.","pantai","original","PASS",""
"27","bukit-lintang-sewu","Bukit Lintang Sewu","Bukit","Bantul","Bukit Lintang Sewu menawarkan panorama perbukitan, udara sejuk, dan spot foto alam dari ketinggian.","Bukit Lintang Sewu menawarkan panorama perbukitan, udara sejuk, dan spot foto alam dari ketinggian.","bukit","original","PASS",""
"28","goa-pindul","Goa Pindul","Goa","Gunung Kidul","Goa Pindul adalah gua yang eksotik dengan aliran sungai bawah tanah di Gunungkidul.","Goa Pindul adalah gua yang eksotik dengan aliran sungai bawah tanah di Gunungkidul.","goa","original","PASS",""
"29","gunung-api-purba-nglanggeran","Gunung Api Purba Nglanggeran","Bukit","Gunung Kidul","Gunung ini merupakan sebuah gunung api purba yang terbentuk sekitar 60-70 juta tahun yang lalu atau yang memiliki umur tersier (Oligo-Miosen).","Gunung Api Purba Nglanggeran merupakan destinasi bukit di Gunung Kidul dengan panorama alam luas, udara terbuka, dan spot pandang yang menarik.","bukit","fallback","PASS",""
"30","kalisuci-cave-tubing","Kalisuci Cave Tubing","Goa","Gunung Kidul","Petualangan menyusuri sungai bawah tanah di dalam gua menggunakan ban pelampung.","Petualangan menyusuri sungai bawah tanah di dalam gua menggunakan ban pelampung.","sungai","original","PASS",""
"31","air-terjun-sri-gethuk","Air Terjun Sri Gethuk","Air Terjun","Gunung Kidul","Air terjun alami yang indah di tengah hutan dan tebing kapur ini merupakan tempat populer untuk berenang.","Air terjun alami yang indah di tengah hutan dan tebing kapur ini merupakan tempat populer untuk berenang.","air terjun","original","PASS",""
"32","air-terjun-kedung-kandang","Air Terjun Kedung Kandang","Air Terjun","Gunung Kidul","Alam berupa air terjun musiman dengan undakan tebing vulkanik yang terletak di Desa Nglanggeran, Patuk, Gunungkidul, Yogyakarta.","Alam berupa air terjun musiman dengan undakan tebing vulkanik yang terletak di Desa Nglanggeran, Patuk, Gunungkidul, Yogyakarta.","air terjun","original","PASS",""
"33","puncak-tugu-batara-sriten","Puncak Tugu Batara Sriten","Bukit","Gunung Kidul","Lokasi ini terkenal dengan embung buatan (telaga) tertinggi di DIY, pemandangan matahari terbit/terbenam, serta menjadi landasan olahraga paralayang.","Lokasi ini terkenal dengan embung buatan (telaga) tertinggi di DIY, pemandangan matahari terbit/terbenam, serta menjadi landasan olahraga paralayang.","bukit","original","PASS",""
"34","goa-tanding","Goa Tanding","Goa","Gunung Kidul","Gua yang terkenal dengan formasi bebatuan yang memukau, dengan wahana arung jeram di sungai bawah tanah.","Gua yang terkenal dengan formasi bebatuan yang memukau, dengan wahana arung jeram di sungai bawah tanah.","goa","original","PASS",""
"35","goa-jomblang","Goa Jomblang","Goa","Gunung Kidul","Gua pembuangan vertikal berbatu yang bisa dieksplorasi menggunakan peralatan caving yang disediakan di lokasi.","Gua pembuangan vertikal berbatu yang bisa dieksplorasi menggunakan peralatan caving yang disediakan di lokasi.","goa","original","PASS",""
"36","bukit-paralayang-watugupit","Bukit Paralayang Watugupit","Bukit","Gunung Kidul","Tempat observasi di puncak bukit yang menghadap Samudera Hindia dan pantai dan titik lepas landas paralayang.","Tempat observasi di puncak bukit yang menghadap Samudera Hindia dan pantai dan titik lepas landas paralayang.","bukit","original","PASS",""
"37","bukit-bintang","Bukit Bintang","Bukit","Gunung Kidul","Bukit yang terkenal dengan pemandangan indah, terutama saat langit malam dipenuhi bintang.","Bukit yang terkenal dengan pemandangan indah, terutama saat langit malam dipenuhi bintang.","bukit","original","PASS",""
"38","goa-gelatik-lorong-sewu","Goa Gelatik Lorong Sewu","Goa","Gunung Kidul","Goa ini terkenal dengan lorongnya yang ekstrem, gelap, memiliki banyak percabangan (lorong sewu), serta keindahan stalaktit dan stalakmit yang masih alami.","Goa ini terkenal dengan lorongnya yang ekstrem, gelap, memiliki banyak percabangan (lorong sewu), serta keindahan stalaktit dan stalakmit yang masih alami.","goa","original","PASS",""
"39","gunung-gentong","Gunung Gentong","Bukit","Gunung Kidul","""Bukit wisata alam di Desa Ngalang, Gedangsari, Gunungkidul, Yogyakarta, yang terkenal dengan pemandangan """"negeri di atas awan"""", hamparan perbukitan hijau.""","""Bukit wisata alam di Desa Ngalang, Gedangsari, Gunungkidul, Yogyakarta, yang terkenal dengan pemandangan """"negeri di atas awan"""", hamparan perbukitan hijau."".","bukit","original","PASS",""
"40","bukit-kosakora","Bukit Kosakora","Bukit","Gunung Kidul","Tanjung pesisir dan tempat matahari terbenam populer yang menawarkan kemah pedesaan, jalan setapak dan panorama.","Bukit Kosakora merupakan destinasi bukit di Gunung Kidul dengan panorama alam luas, udara terbuka, dan spot pandang yang menarik.","bukit","fallback","PASS",""
"41","goa-ngingrong","Goa Ngingrong","Goa","Gunung Kidul","Karst berbentuk lembah sinkhole (luweng) yang menawarkan petualangan susur gua, rappelling setinggi 80 meter, flying fox, dan ATV.","Karst berbentuk lembah sinkhole (luweng) yang menawarkan petualangan susur gua, rappelling setinggi 80 meter, flying fox, dan ATV.","goa","original","PASS",""
"42","bukit-teletubbies","Bukit Teletubbies","Bukit","Gunung Kidul","Tempat ini menawarkan pemandangan ladang jagung menawan yang menyerupai latar tempat tinggal tokoh kartun Teletubbies, menjadikannya spot foto instagramable yang populer.","Tempat ini menawarkan pemandangan ladang jagung menawan yang menyerupai latar tempat tinggal tokoh kartun Teletubbies, menjadikannya spot foto instagramable yang populer.","bukit","original","PASS",""
"43","goa-sriti","Goa Sriti","Goa","Kulon Progo","Goa alami di Perbukitan Menoreh yang masih sepi, memiliki lorong sempit dengan stalaktit-stalagmit, dan cocok untuk wisata petualangan sederhana.","Goa alami di Perbukitan Menoreh yang masih sepi, memiliki lorong sempit dengan stalaktit-stalagmit, dan cocok untuk wisata petualangan sederhana.","goa","original","PASS",""
"44","gunung-ijo","Gunung Ijo","Bukit","Kulon Progo","Perbukitan di kawasan Menoreh yang menawarkan panorama alam hijau dengan pemandangan luas, cocok untuk menikmati sunrise dan suasana tenang.","Perbukitan di kawasan Menoreh yang menawarkan panorama alam hijau dengan pemandangan luas, cocok untuk menikmati sunrise dan suasana tenang.","bukit","original","PASS",""
"45","kalibiru","Kalibiru","Bukit","Kulon Progo","Wisata alam di Perbukitan Menoreh yang terkenal dengan gardu pandang dan spot foto dengan latar pemandangan Waduk Sermo dari ketinggian.","Wisata alam di Perbukitan Menoreh yang terkenal dengan gardu pandang dan spot foto dengan latar pemandangan Waduk Sermo dari ketinggian.","sungai","original","PASS",""
"46","sungai-mudal","Sungai Mudal","Lainnya","Kulon Progo","Wisata alam berupa pemandian dan aliran sungai jernih berwarna biru kehijauan di kawasan perbukitan yang cocok untuk bermain air dan bersantai.","Wisata alam berupa pemandian dan aliran sungai jernih berwarna biru kehijauan di kawasan perbukitan yang cocok untuk bermain air dan bersantai.","sungai","original","PASS",""
"47","puncak-suroloyo","Puncak Suroloyo","Bukit","Kulon Progo","Puncak tertinggi di Perbukitan Menoreh yang menawarkan panorama luas hingga Candi Borobudur saat cuaca cerah.","Puncak tertinggi di Perbukitan Menoreh yang menawarkan panorama luas hingga Candi Borobudur saat cuaca cerah.","bukit","original","PASS",""
"48","gunung-lanang","Gunung Lanang","Bukit","Kulon Progo","Perbukitan di kawasan Menoreh yang menawarkan jalur trekking ringan dengan pemandangan alam hijau dan suasana yang tenang.","Perbukitan di kawasan Menoreh yang menawarkan jalur trekking ringan dengan pemandangan alam hijau dan suasana yang tenang.","bukit","original","PASS",""
"49","waduk-sermo","Waduk Sermo","Lainnya","Kulon Progo","Waduk terbesar di Kulon Progo yang menawarkan pemandangan perairan luas dikelilingi perbukitan Menoreh, cocok untuk rekreasi, memancing, dan menikmati suasana alam.","Waduk terbesar di Kulon Progo yang menawarkan pemandangan perairan luas dikelilingi perbukitan Menoreh, cocok untuk rekreasi, memancing, dan menikmati suasana alam.","bendungan","original","PASS",""
"50","bukit-isis","Bukit Isis","Bukit","Kulon Progo","Spot wisata di kawasan Nglinggo yang menawarkan pemandangan perbukitan Menoreh dan kebun teh dengan suasana sejuk, cocok untuk menikmati sunrise dan berfoto.","Spot wisata di kawasan Nglinggo dengan pemandangan perbukitan Menoreh.","bukit","original","PASS",""
"51","kebun-teh-nglinggo","Kebun Teh Nglinggo","Lainnya","Kulon Progo","Kawasan agrowisata di Perbukitan Menoreh yang menyuguhkan hamparan kebun teh hijau luas dengan udara sejuk, cocok untuk berjalan santai dan menikmati panorama alam.","Kawasan agrowisata di Perbukitan Menoreh dengan hamparan kebun teh hijau.","lainnya","original","PASS",""
"52","goa-kiskendo","Goa Kiskendo","Goa","Kulon Progo","Goa alam bersejarah di Perbukitan Menoreh yang memiliki stalaktit-stalagmit serta relief cerita Ramayana di area sekitarnya.","Goa alam bersejarah di Perbukitan Menoreh yang memiliki stalaktit-stalagmit serta relief cerita Ramayana di area sekitarnya.","goa","original","PASS",""
"53","air-terjun-grojogan-sewu-jatimulyo","Air Terjun Grojogan Sewu Jatimulyo","Air Terjun","Kulon Progo","Air terjun di kawasan Jatimulyo dengan aliran segar, tebing alami, dan suasana sejuk khas Perbukitan Menoreh.","Air terjun di kawasan Jatimulyo dengan aliran segar, tebing alami, dan suasana sejuk khas Perbukitan Menoreh.","air terjun","original","PASS",""
"54","pantai-drini","Pantai Drini","Pantai","Gunung Kidul","Pantai berpasir putih dengan pulau karang kecil, cocok untuk bermain air, berfoto, dan menikmati suasana pesisir Gunung Kidul.","Pantai berpasir putih dengan pulau karang kecil, cocok untuk bermain air, berfoto, dan menikmati suasana pesisir Gunung Kidul.","pantai","original","PASS",""
"55","pantai-indrayanti","Pantai Indrayanti","Pantai","Gunung Kidul","Pantai populer dengan pasir putih, tebing karang, dan fasilitas wisata yang lengkap untuk rekreasi keluarga.","Pantai populer dengan pasir putih, tebing karang, dan fasilitas wisata yang lengkap untuk rekreasi keluarga.","pantai","original","PASS",""
"56","pantai-pok-tunggal","Pantai Pok Tunggal","Pantai","Gunung Kidul","Pantai pasir putih yang dikelilingi tebing dan pepohonan, dengan pohon ikonis yang populer untuk tempat foto.","Pantai pasir putih yang dikelilingi tebing dan pepohonan, dengan pohon ikonis yang populer untuk tempat foto.","pantai","original","PASS",""
"57","pantai-ngandong","Pantai Ngandong","Pantai","Gunung Kidul","Pantai berpasir di teluk kecil populer untuk memancing, serta menghadap ke singkapan berbatu dan kafe simpel.","Pantai berpasir di teluk kecil populer untuk memancing, serta menghadap ke singkapan berbatu dan kafe simpel.","pantai","original","PASS",""
"58","pantai-sadranan","Pantai Sadranan","Pantai","Gunung Kidul","Pantai dengan perairan relatif tenang yang dikenal untuk snorkeling, bermain air, dan menikmati panorama karang.","Pantai dengan perairan relatif tenang yang dikenal untuk snorkeling, bermain air, dan menikmati panorama karang.","pantai","original","PASS",""
"59","pantai-jungwok","Pantai Jungwok","Pantai","Gunung Kidul","Pesisir berangin kencang ini populer untuk olahraga air dan memancing lobster, plus naik perahu ke pulau karang.","Pesisir berangin kencang ini populer untuk olahraga air dan memancing lobster, plus naik perahu ke pulau karang.","pantai","original","PASS",""
"60","pantai-slili","Pantai Slili","Pantai","Gunung Kidul","Pantai berbatu dan berpasir kecil di teluk, dengan pondok, hidangan seafood dan penginapan di sekitar.","Pantai berbatu dan berpasir kecil di teluk, dengan pondok, hidangan seafood dan penginapan di sekitar.","pantai","original","PASS",""
"61","pantai-gesing","Pantai Gesing","Pantai","Gunung Kidul","Pantai pasir putih di tepi tebing curam dengan air hijau cerah untuk berenang dan menyantap lobster dan sembilang.","Pantai pasir putih di tepi tebing curam dengan air hijau cerah untuk berenang dan menyantap lobster dan sembilang.","pantai","original","PASS",""
"62","pantai-ngrenehan","Pantai Ngrenehan","Pantai","Gunung Kidul","Pantai berpasir di teluk yang dihiasi perahu nelayan lokal dan dinaungi oleh tanjung batu kapur berwarna hijau.","Pantai berpasir di teluk yang dihiasi perahu nelayan lokal dan dinaungi oleh tanjung batu kapur berwarna hijau.","pantai","original","PASS",""
"63","pantai-watulawang","Pantai Watulawang","Pantai","Gunung Kidul","Pantai berpasir putih dengan batu karang khas dan suasana lebih tenang, cocok untuk berfoto dan menikmati pesisir.","Pantai berpasir putih dengan batu karang khas dan suasana lebih tenang, cocok untuk berfoto dan menikmati pesisir.","pantai","original","PASS",""
"64","pantai-baron-indah","Pantai Baron Indah","Pantai","Gunung Kidul","Pantai ikonik dengan teluk, aktivitas nelayan, kuliner seafood, dan pertemuan aliran sungai menuju laut.","Pantai ikonik dengan teluk, aktivitas nelayan, kuliner seafood, dan pertemuan aliran sungai menuju laut.","pantai","original","PASS",""
"65","pantai-sedahan","Pantai Sedahan","Pantai","Gunung Kidul","Pantai alami yang relatif sepi dengan pasir dan tebing karang, cocok untuk camping serta menikmati suasana tenang.","Pantai alami yang relatif sepi dengan pasir dan tebing karang, cocok untuk camping serta menikmati suasana tenang.","pantai","original","PASS",""
"66","pantai-nguyahan","Pantai Nguyahan","Pantai","Gunung Kidul","Pantai berpasir putih dekat kawasan Ngobaran, cocok untuk bermain air dan menikmati panorama pesisir.","Pantai berpasir putih dekat kawasan Ngobaran, cocok untuk bermain air dan menikmati panorama pesisir.","pantai","original","PASS",""
"67","wisata-tanjung-kesirat","Wisata Tanjung Kesirat","Pantai","Gunung Kidul","Hamparan rumput di tebing yang tidak rata dengan panorama matahari terbenam, populer untuk memancing dan kemah.","Hamparan rumput di tebing yang tidak rata dengan panorama matahari terbenam, populer untuk memancing dan kemah.","pantai","original","PASS",""
"68","pantai-ngetun","Pantai Ngetun","Pantai","Gunung Kidul","Pantai kecil tersembunyi di antara bukit karst dengan pasir putih dan suasana yang tenang.","Pantai kecil tersembunyi di antara bukit karst dengan pasir putih dan suasana yang tenang.","pantai","original","PASS",""
"69","pantai-ngobaran","Pantai Ngobaran","Pantai","Gunung Kidul","Pantai kecil di teluk bertebing rimbun, cocok untuk berenang, berjemur, dan menikmati kuliner sekitar.","Pantai kecil di teluk bertebing rimbun, cocok untuk berenang, berjemur, dan menikmati kuliner sekitar.","pantai","original","PASS",""
"70","pantai-wediombo","Pantai Wediombo","Pantai","Gunung Kidul","Pantai berpasir panjang dengan batu karang, air relatif tenang, dan pemandangan perbukitan hijau.","Pantai berpasir panjang dengan batu karang, air relatif tenang, dan pemandangan perbukitan hijau.","pantai","original","PASS",""
"71","pantai-pandansimo","Pantai Pandansimo","Pantai","Bantul","Destinasi wisata pantai yang menawarkan perpaduan unik antara pesona pesisir selatan yang eksotis dengan deretan pohon cemara udang yang rimbun dan asri","Destinasi wisata pantai yang menawarkan perpaduan unik antara pesona pesisir selatan yang eksotis dengan deretan pohon cemara udang yang rimbun dan asri.","pantai","original","PASS",""
"72","pantai-baru","Pantai Baru","Pantai","Bantul","Destinasi wisata pantai yang menawarkan perpaduan antara pesona ombak laut selatan yang megah dengan hamparan hutan cemara udang yang rimbun dan teduh di sepanjang bibir pantai.","Destinasi wisata pantai yang menawarkan perpaduan antara pesona ombak laut selatan yang megah dengan hamparan hutan cemara udang yang rimbun dan teduh di sepanjang bibir.","pantai","original","PASS",""
"73","pantai-kuwaru","Pantai Kuwaru","Pantai","Bantul","""Destinasi wisata pantai (yang sering dikenal oleh wisatawan dengan nama Pantai Kuwaru) yang menawarkan daya tarik utama berupa """"payung hidup""""—sebutan untuk kanopi alami dari barisan pohon cemara udang yang tumbuh sangat rapat dan rimbun di sepanjang pesisir.""","""Destinasi wisata pantai (yang sering dikenal oleh wisatawan dengan nama Pantai Kuwaru) yang menawarkan daya tarik utama berupa """"payung hidup""""—sebutan untuk kanopi.","pantai","original","PASS",""
"74","pantai-tanggul-tirto","Pantai Tanggul Tirto","Pantai","Bantul","Destinasi wisata pesisir tersembunyi yang menawarkan perpaduan unik antara muara sungai (laguna) yang tenang dengan pemandangan terbuka ke arah Samudra Hindia.","Destinasi wisata pesisir tersembunyi yang menawarkan perpaduan unik antara muara sungai (laguna) yang tenang dengan pemandangan terbuka ke arah Samudra Hindia.","pantai","original","PASS",""
"75","pantai-cangkring","Pantai Cangkring","Pantai","Bantul","""Destinasi wisata pesisir yang menawarkan pesona """"pantai tersembunyi"""" (hidden gem) yang masih sangat alami, asri, dan jauh dari hiruk-pikuk keramaian. ""","""Destinasi wisata pesisir yang menawarkan pesona """"pantai tersembunyi"""" (hidden gem) yang masih sangat alami, asri, dan jauh dari hiruk-pikuk keramaian.","pantai","original","PASS",""
"76","pantai-patihan","Pantai Patihan","Pantai","Bantul","Destinasi wisata pesisir yang menawarkan pesona perpaduan antara wisata alam yang asri dengan konsep agrowisata yang produktif.","Destinasi wisata pesisir yang menawarkan pesona perpaduan antara wisata alam yang asri dengan konsep agrowisata yang produktif.","pantai","original","PASS",""
"77","pantai-pandansari","Pantai Pandansari","Pantai","Bantul","Destinasi wisata pesisir yang menawarkan perpaduan luar biasa antara panorama laut selatan yang megah dengan keunikan infrastruktur navigasi laut.","Destinasi wisata pesisir yang menawarkan perpaduan luar biasa antara panorama laut selatan yang megah dengan keunikan infrastruktur navigasi laut.","pantai","original","PASS",""
"78","pantai-dewaruci-bantul","Pantai Dewaruci Bantul","Pantai","Bantul","Destinasi wisata pesisir yang menawarkan perpaduan luar biasa antara panorama laut selatan yang megah dengan keunikan infrastruktur navigasi laut.","Destinasi wisata pesisir yang menawarkan perpaduan luar biasa antara panorama laut selatan yang megah dengan keunikan infrastruktur navigasi laut.","pantai","original","PASS",""
"79","pantai-samas","Pantai Samas","Pantai","Bantul","Destinasi wisata pesisir yang menawarkan perpaduan luar biasa antara panorama laut selatan yang megah dengan keunikan infrastruktur navigasi laut.","Destinasi wisata pesisir yang menawarkan perpaduan luar biasa antara panorama laut selatan yang megah dengan keunikan infrastruktur navigasi laut.","pantai","original","PASS",""
"80","pantai-baros","Pantai Baros","Pantai","Bantul","Destinasi wisata alam pesisir yang menawarkan perpaduan luar biasa antara pesona laut selatan dengan kawasan sabuk hijau yang rimbun dan edukatif.","Destinasi wisata alam pesisir yang menawarkan perpaduan luar biasa antara pesona laut selatan dengan kawasan sabuk hijau yang rimbun dan edukatif.","pantai","original","PASS",""
"81","hilir-sungai-opak","Hilir Sungai Opak","Lainnya","Bantul","Destinasi wisata alam yang menawarkan perpaduan lanskap memukau antara ujung aliran sungai besar di Yogyakarta dengan hamparan Samudra Hindia yang luas.","Destinasi wisata alam yang menawarkan perpaduan lanskap memukau antara ujung aliran sungai besar di Yogyakarta dengan hamparan Samudra Hindia yang luas.","sungai","original","PASS",""
"82","pesona-pengklik-pantai-samas","Pesona Pengklik-Pantai Samas","Pantai","Bantul","Destinasi wisata alam yang menawarkan perpaduan eksotis antara ketenangan muara sungai (laguna) yang luas dengan panorama pesisir selatan yang memukau.","Destinasi wisata alam yang menawarkan perpaduan eksotis antara ketenangan muara sungai (laguna) yang luas dengan panorama pesisir selatan yang memukau.","pantai","original","PASS",""
"83","kano-maritim-baros","Kano Maritim Baros","Pantai","Bantul","Destinasi wisata petualangan air (sport tourism) yang menawarkan perpaduan seru antara olahraga dayung dengan penjelajahan ekosistem pesisir yang asri","Destinasi wisata petualangan air (sport tourism) yang menawarkan perpaduan seru antara olahraga dayung dengan penjelajahan ekosistem pesisir yang asri.","pantai","original","PASS",""
"84","pantai-pelangi","Pantai Pelangi","Pantai","Bantul","Pantai pemekaran dari kawasan Parangtritis di Desa Parangtritis, Kecamatan Kretek, Bantul. Berpasir hitam dengan ombak besar khas laut selatan.","Pantai pemekaran dari kawasan Parangtritis di Desa Parangtritis, Kecamatan Kretek, Bantul.","pantai","original","PASS",""
"85","parangtritis","Parangtritis","Pantai","Bantul","Tempat ini menjadi spot favorit bagi para pencinta petualangan, pasangan, maupun fotografer yang ingin berburu foto-foto estetik nan anti-mainstream langsung dari atas air, terutama saat siluet pepohonan mangrove berpadu dengan langit sore.","Tempat ini menjadi spot favorit bagi para pencinta petualangan, pasangan, maupun fotografer yang ingin berburu foto-foto estetik nan anti-mainstream langsung dari atas.","pantai","original","PASS",""
"86","parangkusumo","Parangkusumo","Pantai","Bantul","Destinasi wisata pesisir keramat yang menawarkan perpaduan mendalam antara pesona alam laut selatan dengan pusat spiritualitas dan sejarah Kesultanan Yogyakarta.","Destinasi wisata pesisir keramat yang menawarkan perpaduan mendalam antara pesona alam laut selatan dengan pusat spiritualitas dan sejarah Kesultanan Yogyakarta.","pantai","original","PASS",""
"87","goa-sunan-mas","Goa Sunan Mas","Goa","Bantul","Destinasi wisata alam tersembunyi yang menawarkan perpaduan antara petualangan susur gua (caving) yang menantang dengan keindahan stalaktit dan stalagmit yang memukau.","Destinasi wisata alam tersembunyi yang menawarkan perpaduan antara petualangan susur gua (caving) yang menantang dengan keindahan stalaktit dan stalagmit yang memukau.","goa","original","PASS",""
"88","wisata-alam-curug-gedhe","Wisata Alam Curug Gedhe","Air Terjun","Gunung Kidul","Wisata Alam Curug Gedhe adalah destinasi air terjun tersembunyi setinggi 25-30 meter dengan kolam alami sedalam 2-3 meter.","Wisata Alam Curug Gedhe adalah destinasi air terjun tersembunyi setinggi 25-30 meter dengan kolam alami sedalam 2-3 meter.","air terjun","original","PASS",""
"89","air-terjun-luweng-sampang","Air Terjun Luweng Sampang","Air Terjun","Gunung Kidul","Air Terjun Luweng Sampang merupakan air terjun yang berada di daerah berkapur Kabupaten Gunung Kidul. Mempunyai keunikan berupa tebing yang terkikis karena proses perubahan alam. Warna air pada kolam air terjun ini bisa berubah warna.","Air Terjun Luweng Sampang merupakan air terjun yang berada di daerah berkapur Kabupaten Gunung Kidul.","air terjun","original","PASS",""
"90","gunung-ireng","Gunung Ireng","Bukit","Gunung Kidul","Gunung dengan puncak yang diakses melalui jalan darat & jalan setapak pendek, terkenal dengan matahari terbit.","Gunung dengan puncak yang diakses melalui jalan darat & jalan setapak pendek, terkenal dengan matahari terbit.","bukit","original","PASS",""
"91","kawasan-glamping-kedung-kandang","Kawasan Glamping Kedung Kandang","Lainnya","Gunung Kidul","Glamping Kedung Kandang adalah destinasi berkemah mewah yang terletak di kawasan Desa Wisata Nglanggeran, Kabupaten Gunungkidul, Yogyakarta.","Glamping Kedung Kandang adalah destinasi berkemah mewah yang terletak di kawasan Desa Wisata Nglanggeran, Kabupaten Gunungkidul, Yogyakarta.","lainnya","original","PASS",""
"92","geoforest-watu-payung-turunan","Geoforest Watu Payung Turunan","Lainnya","Gunung Kidul","Anjungan observasi, dengan bangku berukir, menghadap lanskap perbukitan yang sering berkabut.","Anjungan observasi, dengan bangku berukir, menghadap lanskap perbukitan yang sering berkabut.","lainnya","original","PASS",""
"93","gunung-gambar","Gunung Gambar","Bukit","Gunung Kidul","Gunung Gambar berjarak sekitar 50 km dari pusat Kota Yogyakarta. Berada di ketinggian 650 mdpl, tempat ini sebenarnya lebih berupa bukit berbatu yang menawarkan pesona alam serta dikenal sebagai petilasan bersejarah","Gunung Gambar berjarak sekitar 50 km dari pusat Kota Yogyakarta.","bukit","original","PASS",""
"94","pantai-trisik","Pantai Trisik","Pantai","Kulon Progo","Pantai yang dikenal sebagai kawasan konservasi penyu yang menawarkan suasana pantai pesisir yang tenang dengan aktivitas nelayan lokal dan hamparan pasir hitam yang luas.","Pantai yang dikenal sebagai kawasan konservasi penyu yang menawarkan suasana pantai pesisir yang tenang dengan aktivitas nelayan lokal dan hamparan pasir hitam yang luas.","pantai","original","PASS",""
"95","pantai-congot","Pantai Congot","Pantai","Kulon Progo","Pantai yang berada di dekat muara Sungai Bogowonto, pantai ini menjadi tempat favorit bagi para penggemar memancing dan mereka yang ingin menikmati pemandangan matahari terbenam.","Pantai di dekat muara Sungai Bogowonto yang dikenal sebagai area pesisir Kulon Progo.","pantai","original","PASS",""
"96","goa-kebon","Goa Kebon","Goa","Kulon Progo","Sebuah goa yang terletak pada aliran air terjun yang mengalir tepat di mulut gua, menciptakan tirai air abadi yang menyiram formasi batuan kapur di bawahnya.","Sebuah goa yang terletak pada aliran air terjun yang mengalir tepat di mulut gua, menciptakan tirai air abadi yang menyiram formasi batuan kapur di bawahnya.","goa","original","PASS",""
"97","air-terjun-sidoharjo","Air Terjun Sidoharjo","Air Terjun","Kulon Progo","Air terjun tertinggi di Kulon Progo dengan ketinggian sekitar 75 meter yang terletak tersembunyi di tengah hutan, memberikan kesan petualangan yang sangat privat.","Air terjun di Kulon Progo dengan suasana hutan yang alami dan panorama tebing yang menonjol.","air terjun","original","PASS",""
"98","pantai-glagah","Pantai Glagah","Pantai","Kulon Progo","Pantai yang terkenal dengan ribuan pemecah ombak atau tetrapod yang menciptakan deburan ombak raksasa yang dramatis serta memiliki laguna luas yang bisa dikelilingi dengan perahu.","Pantai yang terkenal dengan ribuan pemecah ombak atau tetrapod yang menciptakan deburan ombak raksasa yang dramatis serta memiliki laguna luas yang bisa dikelilingi.","pantai","original","PASS",""
"99","mangrove-jembatan-api-api","Mangrove Jembatan Api-api","Hutan","Kulon Progo","Kawasan konservasi yang ditata rapi dengan jembatan bambu di atas air, sangat cocok untuk berjalan santai di sore hari sambil belajar mengenai ekosistem pesisir.","Kawasan konservasi yang ditata rapi dengan jembatan bambu di atas air, sangat cocok untuk berjalan santai di sore hari sambil belajar mengenai ekosistem pesisir.","hutan","original","PASS",""
"100","kedung-pedut","Kedung Pedut","Lainnya","Kulon Progo","Kolam alami yang memiliki gradasi warna air unik antara biru dan putih, dilengkapi dengan berbagai fasilitas jembatan bambu dan spot lompatan yang seru.","Kolam alami yang memiliki gradasi warna air unik antara biru dan putih, dilengkapi dengan berbagai fasilitas jembatan bambu dan spot lompatan yang seru.","lainnya","original","PASS",""
"101","puncak-widosari","Puncak Widosari","Bukit","Kulon Progo","Menampilkan ikon bongkahan batu raksasa yang berdiri tegak di puncak bukit, memberikan panorama 360 derajat ke arah lembah dan perkebunan teh di sekitarnya.","Menampilkan ikon bongkahan batu raksasa yang berdiri tegak di puncak bukit, memberikan panorama 360 derajat ke arah lembah dan perkebunan teh di sekitarnya.","bukit","original","PASS",""
"102","air-terjun-kembang-soka","Air Terjun Kembang Soka","Air Terjun","Kulon Progo","Air terjun yang memiliki banyak kolam bertingkat dengan air yang jernih dan segar, dikelilingi oleh jembatan kayu yang tertata indah sehingga sangat cocok untuk wisata keluarga.","Air terjun yang memiliki banyak kolam bertingkat dengan air yang jernih dan segar, dikelilingi oleh jembatan kayu yang tertata indah sehingga sangat cocok untuk wisata.","air terjun","original","PASS",""
"103","bendungan-ancol","Bendungan Ancol","Lainnya","Kulon Progo","Bangunan irigasi bersejarah peninggalan era kolonial yang kini menjadi destinasi wisata populer karena menawarkan panorama aliran sungai yang tenang serta taman terbuka hijau yang sejuk dan sangat cocok untuk bersantai di sore hari.","Bangunan irigasi bersejarah peninggalan era kolonial yang kini menjadi destinasi wisata populer karena menawarkan panorama aliran sungai yang tenang serta taman terbuka.","bendungan","original","PASS",""
"104","hutan-mangrove-wana-tirta","Hutan Mangrove Wana Tirta","Hutan","Kulon Progo","Kawasan wisata mangrove ini menawarkan jalur tracking kayu di tengah hutan bakau dengan suasana sejuk dan pemandangan muara yang cocok untuk wisata edukasi maupun fotografi alam.","Kawasan wisata mangrove ini menawarkan jalur tracking kayu di tengah hutan bakau dengan suasana sejuk dan pemandangan muara yang cocok untuk wisata edukasi maupun.","hutan","original","PASS",""
"105","pantai-pasir-mendit","Pantai Pasir Mendit","Pantai","Kulon Progo","Pantai yang memiliki suasana yang masih alami dengan hamparan pasir gelap dan ombak khas selatan yang cocok untuk menikmati sunset dan bersantai.","Pantai yang memiliki suasana yang masih alami dengan hamparan pasir gelap dan ombak khas selatan yang cocok untuk menikmati sunset dan bersantai.","pantai","original","PASS",""
"106","wisata-mangrove-pasir-mendit-jangkaran","Wisata Mangrove Pasir Mendit Jangkaran","Hutan","Kulon Progo","Destinasi wisata mangrove ini menyajikan pemandangan hutan bakau yang asri dengan jalur tracking dan spot foto menarik di kawasan pesisir Jangkaran.","Destinasi wisata mangrove ini menyajikan pemandangan hutan bakau yang asri dengan jalur tracking dan spot foto menarik di kawasan pesisir Jangkaran.","hutan","original","PASS",""
"107","pasir-kadilangu-beach","Pasir Kadilangu Beach","Pantai","Kulon Progo","Pantai yang terkenal dengan area mangrove dan spot foto estetik yang berpadu dengan panorama pantai selatan serta suasana alam yang tenang.","Kawasan pantai dan mangrove di Kulon Progo dengan spot foto estetik dan suasana pesisir yang tenang.","pantai","original","PASS",""
"108","laguna-barat-pantai-glagah","Laguna Barat Pantai Glagah","Lainnya","Kulon Progo","Laguna yang menawarkan perairan yang lebih tenang untuk bermain kano, menikmati angin pantai, dan melihat pemandangan laut selatan.","Laguna yang menawarkan perairan yang lebih tenang untuk bermain kano, menikmati angin pantai, dan melihat pemandangan laut selatan.","pantai","original","PASS",""
"109","pantai-karangwuni","Pantai Karangwuni","Pantai","Kulon Progo","Pantai Karangwuni memiliki suasana alami dengan garis pantai yang cukup luas serta cocok untuk menikmati pemandangan laut dan aktivitas santai di tepi pantai.","Pantai Karangwuni memiliki suasana alami dengan garis pantai yang cukup luas serta cocok untuk menikmati pemandangan laut dan aktivitas santai di tepi pantai.","pantai","original","PASS",""
"110","pantai-imorenggo","Pantai Imorenggo","Pantai","Kulon Progo","Pantai yang menawarkan panorama pantai selatan yang masih sepi dan alami sehingga cocok untuk menikmati suasana tenang serta pemandangan matahari terbenam.","Pantai yang menawarkan panorama pantai selatan yang masih sepi dan alami sehingga cocok untuk menikmati suasana tenang serta pemandangan matahari terbenam.","pantai","original","PASS",""
"111","laguna-pantai-trisik","Laguna Pantai Trisik","Lainnya","Kulon Progo","Laguna yang memiliki pemandangan perairan yang tenang dan menjadi habitat berbagai jenis burung sehingga menarik untuk wisata alam dan pengamatan satwa.","Laguna yang memiliki pemandangan perairan yang tenang dan menjadi habitat berbagai jenis burung sehingga menarik untuk wisata alam dan pengamatan satwa.","pantai","original","PASS",""
"112","wisata-alam-puntuk-gondang","Wisata Alam Puntuk Gondang","Bukit","Kulon Progo","Destinasi yang menawarkan panorama alam dari ketinggian dengan udara sejuk serta pemandangan perbukitan dan area persawahan yang indah.","Destinasi yang menawarkan panorama alam dari ketinggian dengan udara sejuk serta pemandangan perbukitan dan area persawahan yang indah.","bukit","original","PASS",""
"113","pantai-timang","Pantai Timang","Pantai","Gunung Kidul","Pantai pasir putih dengan pulau yang terhubung ke daratan melalui jembatan tali dan kereta gantung.","Pantai pasir putih dengan pulau yang terhubung ke daratan melalui jembatan tali dan kereta gantung.","pantai","original","PASS",""
"114","pantai-nglambor","Pantai Nglambor","Pantai","Gunung Kidul","Pantai berpasir yang tenang dengan tempat penyewaan alat snorkeling & kursus snorkeling.","Pantai berpasir yang tenang dengan tempat penyewaan alat snorkeling & kursus snorkeling.","pantai","original","PASS",""
"115","pantai-siung","Pantai Siung","Pantai","Gunung Kidul","Pantai berpasir yang tertutup pepohonan & tebing yang populer dengan pemanjat tebing & perahu nelayan cadik.","Pantai berpasir yang tertutup pepohonan & tebing yang populer dengan pemanjat tebing & perahu nelayan cadik.","pantai","original","PASS",""
"116","pantai-jogan","Pantai Jogan","Pantai","Gunung Kidul","Destinasi tepi laut dengan tempat observasi di samping air terjun yang mengalir ke pantai berbatu.","Destinasi tepi laut dengan tempat observasi di samping air terjun yang mengalir ke pantai berbatu.","pantai","original","PASS",""
"117","pantai-ngrumput","Pantai Ngrumput","Pantai","Gunung Kidul","Pantai berpasir yang dikelilingi oleh bukit berhutan, dengan kedai makanan & fasilitas perkemahan simpel.","Pantai berpasir yang dikelilingi oleh bukit berhutan, dengan kedai makanan & fasilitas perkemahan simpel.","pantai","original","PASS",""
